{
	"pages": [ //pages数组中第一项表示应用启动页，参考：https://uniapp.dcloud.io/collocation/pages
		{
			"path": "pages/index/index",
			"style": {
				"navigationBarTitleText": "首页",
				"navigationStyle": "custom",
				"enablePullDownRefresh": false
			}
		},
		{
			"path" : "pages/test/test",
			"style" : 
			{
				"navigationBarTitleText" : "test",
				"navigationStyle": "custom",
				"enablePullDownRefresh": false
			}
		},
		{
			"path" : "pages/coupon/myCoupon",
			"style" : 
			{
				"navigationBarTitleText" : "我的优惠券"
			}
		},
		{
			"path" : "pages/coupon/couponCenter",
			"style" : 
			{
				"navigationBarTitleText" : "领券中心"
			}
		},
		{
		  "path" : "pages/notify/notify",
		  "style" : 
		  {
		    "navigationBarTitleText" : "消息通知"
		  }
		},
		{
		  "path" : "pages/notify/notifyList",
		  "style" : 
		  {
		    "navigationBarTitleText" : "[消息列表"
		  }
		},
		{
			"path" : "pages/shopcar/shopcar",
			"style" : 
			{
				"navigationBarTitleText" : "购物车"
			}
		},
		{
			"path" : "pages/onlineSearch/onlineSearch",
			"style" : 
			{
				"navigationBarTitleText" : "在线搜索"
			}
		},
		{
			"path" : "pages/goodsDetail/goodsDetail",
			"style" : 
			{
				"navigationStyle" : "custom"
			}
		},
		{
			"path" : "pages/goods/waitPay",
			"style" : 
			{
				"navigationBarTitleText" : "待付款订单"
			}
		},
		{
			"path": "pages/goods/category",
			"style": {
				"navigationStyle": "custom"
			}
		},
		{
			"path" : "pages/mine/mine",
			"style" : 
			{
				"navigationBarTitleText" : "我的",
				"navigationStyle": "custom"
			}
		},
		{
			"path" : "pages/mine/shopInfoList",
			"style" : 
			{
				"navigationBarTitleText" : "门店列表"
			}
		},
		{
			"path" : "pages/goods/detail",
			"style" : 
			{
				"navigationBarTitleText" : "商品详情",
				"navigationStyle": "custom"
			}
		},
		{
			"path" : "pages/product/menu",
			"style" : 
			{
				"navigationStyle": "custom"
			}
		},
		{
			"path" : "pages/product/detail",
			"style" : {
				"navigationBarTitleText" : "商品详情",
				"navigationStyle": "custom"
			}
		},
		{
			"path" : "pages/mine/pay",
			"style" : 
			{
				"navigationBarTitleText" : "提交订单",
				"navigationStyle": "custom"
			}
		},
		{
			"path" : "pages/mine/address",
			"style" : 
			{
				"navigationBarTitleText" : "收货地址"
			}
		},
		{
			"path" : "pages/mine/get_shop_list",
			"style" : 
			{
				"navigationBarTitleText" : "选择门店"
			}
		},
		{
			"path" : "pages/mine/address_form",
			"style" : 
			{
				"navigationBarTitleText" : "添加收货地址"
			}
		},
		{
			"path" : "pages/mine/money",
			"style" : 
			{
				"navigationBarTitleText" : "我的钱包",
				"navigationStyle": "custom"
			}
		},
		{
			"path" : "pages/mine/topUpCenter",
			"style" : 
			{
				"navigationBarTitleText" : "充值中心"
			}
		},
		{
			"path" : "pages/mine/withdraw",
			"style" : 
			{
				"navigationBarTitleText" : "申请提现"
			}
		},
		{
			"path" : "pages/mine/addBank",
			"style" : 
			{
				"navigationBarTitleText" : "添加银行卡"
			}
		},
		{
			"path" : "pages/mine/withdraw_apply_ing",
			"style" : 
			{
				"navigationBarTitleText" : "申请提现"
			}
		},
		{
			"path" : "pages/mine/withdraw_list",
			"style" : 
			{
				"navigationBarTitleText" : "提现记录"
			}
		},
		{
			"path" : "pages/mine/present",
			"style" : 
			{
				"navigationBarTitleText" : "礼品卡"
			}
		},
		{
			"path" : "pages/mine/presentDetail",
			"style" : 
			{
				"navigationBarTitleText" : "礼品卡"
			}
		},
		{
			"path" : "pages/mine/presentCard",
			"style" : 
			{
				"navigationBarTitleText" : "礼品卡"
			}
		},
		{
			"path" : "pages/mine/presentMine",
			"style" : 
			{
				"navigationBarTitleText" : "礼品卡"
			}
		}
	],
	"globalStyle": {
		"navigationBarTextStyle": "black",
		"navigationBarTitleText": "uni-app",
		"navigationBarBackgroundColor": "#fff",
		"backgroundColor": "#F8F8F8"
	},
	"uniIdRouter": {}
}
